je,1716
comme,337
pour,270
tout,142
moi,142
aïe,47
elle,115
hey,102
quand,162
même,135
beau,75
jamais,79
fort,39
bébé,33
corps,74
trop,91
était,82
coeur,61
larmes,76
serre-moi,26
soixante-dix,24
aller,25
folie,50
vie,105
effet,22
rien,147
vrai,51
oh,49
putain,43
touchée,18
être,62
club,19
deux,43
seul,64
yeux,62
belle,27
cette,52
encore,60
laisse-toi,16
nous,83
pourquoi,41
toujours,68
vu,44
bien,72
calmant,46
lâcher,20
maint'nant,31
sais,48
voir,54
ah,48
calme,33
mieux,59
toi,89
bientôt,49
crazy,26
gagne,27
heures,32
môme,28
she,26
aimer,30
aurais,34
disent,24
déjà,28
habitue,12
jeu,25
maintenant,39
près,28
tellement,52
va,55
air,29
chaque,30
fille,20
fête,24
génie,14
jusqu'à,39
peur,34
avant,39
danser,11
il,100
jour,35
non,31
ouais,123
peu,36
place,29
vous,45
y,106
ko,19
lui,24
peux,32
sens,41
tête,61
voulez,18
youh,18
zéro,11
autres,32
bloqué,11
connais,20
contraire,8
danse,12
fois,27
juste,37
machine,19
mort,37
par,62
pourvu,16
reste,38
seule,14
sous,28
trois,25
viens,25
étais,57
amour,30
as,61
be,15
foutre,14
joli,14
like,16
mal,70
manque,17
merci,19
mille,21
millions,12
monde,56
parle,20
personne,22
peut,24
sept,14
sûr,18
sûrement,12
tous,68
époque,10
aucun,15
autour,9
chez,27
degrés,14
dire,33
dur,10
ensemble,22
fin,16
grand-mère,13
gâcher,13
musique,13
or,12
pourrais,15
pouvoir,13
quelques,27
aille-aille-aille,5
atteindrai,5
aurait,10
avoir,17
beaucoup,17
blague,11
bon,19
caché,6
comment,25
dieu,21
don't,11
déteste,17
enf‌in,10
folle,14
gens,24
gueule,9
here,11
heure,13
laisse,12
là,29
mains,10
malgré,8
maître,9
mot,11
moteur,11
mère,16
of,12
orage,10
oublier,13
oups,5
pardonne-moi,5
pars,11
partout,11
passé,24
ramenez-moi,5
tant,12
temps,38
terre,33
trouvé,20
veut,12
ville,19
voulais,11
you,29
âge,12
accord,12
aiguilles,4
allez,24
ans,11
arrêté,4
aujourd'hui,12
autre,35
avait,13
bonheur,7
bons,8
bâton,4
bécane,4
coincent,8
combinés,4
coup,9
demande,14
douillé,5
dès,8
départ,6
enceintes,4
enfers,4
enfin,9
faim,16
famille,11
faut,55
figent,4
fous,13
freins,10
fumé,4
grains,9
haine,15
i,53
importe,6
indique,4
invisible,9
jean,4
laisse-moi,6
leader,8
loin,21
lumière,7
man,9
merde,12
mj,4
moins,16
mots,8
mourir,7
mouvements,4
ni,24
noir,24
nouvelle,14
nouvelles,12
nuit,30
ont,36
oublie,13
oui,15
parler,11
part,25
perds,8
petit,8
peut-être,9
phrase,8
pleure,9
prends,10
quelle,7
rappelle-toi,4
regard,8
remède,11
respect,9
reviens,8
rire,8
rois,6
sablier,8
sexe,8
sois-en,4
toutes,20
tryna,8
up,12
us,8
vaut,8
voit,5
vécu,10
we,10
y'avait,7
été,13
'cause,6
aise,7
alors,33
années,10
antoine,5
arrête,40
assez,15
aux,23
bande,8
batteries,3
besoin,19
blotti,6
briller,7
brr,6
bête,6
car,9
cerveau,6
chance,15
change,24
choix,8
comprendre,8
compte,25
confiance,12
conscience,9
crocs,3
demain,32
devient,7
die-ie-ie-ie,3
différent,6
dirait,6
disait,8
dix,16
dois,4
donnerais,5
drogue,10
désolé,6
enchaîner,7
enfer,7
envie,10
eu,11
extrêmes,9
femmes,6
ferme,8
flammes,10
flip,8
genre,17
glace,10
gros,26
hein,21
heureusement,4
hmm,18
honnête,7
hum,4
impression,15
is,7
jà,8
laisses,3
leur,30
love,5
maison,8
meilleur,7
mêmes,14
nigga,8
niggas,7
né,7
oeil,9
out,8
parce,12
partie,4
passe,31
pauvre,3
pendant,12
pied,10
pleine,10
pourtant,10
premier,11
presque,8
problème,5
promis,4
pu,12
quelque,19
recharge,3
rejoindre,5
seconde,5
sentent,5
sert,13
soir,9
soirs,8
soit,12
soleil,11
sourires,6
souvenais,3
séduit,10
tendresse,5
tombe,11
toute,20
trucs,7
um,6
vais,28
vieux,9
vingt,3
vois,23
vouloir,12
yeah,33
énergies,3
évidemment,6
1,6
103,2
aide,7
aimants,3
aime,31
allait,2
allongé,2
amuse,5
and,13
année,6
après,11
arrêter,5
attends,15
attire,3
aussi,11
avion,6
avouerai,4
balle,7
battements,6
battre,3
bite,2
blessée,2
bloque,2
bois,5
bonne,6
boss,4
bouche,3
boucle,6
bouge,4
braillent,2
cachée,8
caille,3
celle,3
certaines,4
changer,3
changera,4
chantier,3
chaos,5
chaud,4
choisis,2
chose,26
choses,11
ciel,19
classe,3
collègues,5
compris,9
concerts,6
connards,4
contre,6
couilles,8
cour,2
cours,8
cousin,10
coûte,3
craché,3
criant,4
croire,7
crâne,4
crève,4
depuis,17
destin,9
deuil,4
devenir,11
devenu,7
distance,4
doigts,8
donne,10
douceur,8
doutes,5
droite,5
dure,4
démons,6
dérape,2
détester,3
ef‌fraient,4
el,3
est-c'que,8
eux,19
ex-copines,2
fan,3
ferai,4
fermer,6
ferrari,4
fierté,5
filles,10
film,13
finir,8
fond,10
forcés,2
fou,8
foule,7
froid,7
frère,19
fuck,12
fêlé,4
f‌inir,8
gagné,8
game,7
garde,7
garçons,2
gentil,3
get,19
gotta,6
gouttes,5
grand,7
grande,4
grave,6
grosses,3
her,17
heureux,8
histoire,8
honte,5
impatient,3
impossible,2
instant,5
intérieur,6
invite,2
it,16
jaloux,5
jet,5
jettent,4
juré,3
jusqu'au,8
just,6
laisser,6
laissé,7
larme,5
longtemps,4
magiques,4
maman,10
marchait,4
mauvais,11
mentir,3
mis,4
monsieur,4
moqueurs,4
morceaux,4
murmures,2
méchant,15
nan,20
nerveux,2
normaux,5
nourrir,3
nue,5
obscène,2
ok,9
oreille,3
oublié,4
our,4
pape,4
pardon,4
parfait,4
parfois,8
passer,4
pense,6
perdre,3
perdu,10
petits,3
peugeot,2
plafond,9
positive,4
pourraient,6
pourrait,4
prix,7
procès,3
prophète,4
propres,4
quatre,14
quelqu'un,7
quoi,66
r'garde,4
rage,5
regarde,9
regarde-toi,14
rend,7
ressens,8
retarder,6
riche,7
roulait,3
règles,8
rêve,10
rêves,17
s,6
savent,5
scène,15
secondes,4
see,5
seins,2
semblant,7
sera,8
silence,6
soirée,7
sommeil,9
sorte,5
sourire,17
souv'nir,4
souvent,12
statut,4
stopper,6
stores,6
stress,3
sueur,4
suicide,6
supportes,4
tard,9
think,4
to,10
too,4
top,5
torturé,2
trahissent,2
tranchants,2
trinque,2
triste,6
troisième,6
tôt,8
vengeance,4
venger,4
vide,12
voulu,8
vraiment,9
we're,4
what's,4
why,6
y'aura,4
zen,4
écoute,11
émotions,4
'round,2
-,4
0,2
14,3
27,3
3ala,2
4l,2
9,4
abdos,1
acceptais,2
accepte,4
acier,1
acting,2
addict,3
adore,3
adrénaline,3
agités,1
agrandit,2
ahahah,2
ahlan,2
aiguille,2
aille,2
aille-aille-aille-aille-aille,1
aimant,1
aimes,6
aimée,2
ain't,6
ait,5
akai,1
album,5
alcool,3
alcools,1
allais,3
allumer,2
amende,1
ami,4
amis,9
amoureuse,1
ange,3
angeles,2
anges,3
anti-stress,3
appart',3
appartement,5
appeler,1
appelle,8
appellent,1
appels,1
apprécie,1
aquaplaning,2
arc-en-ciel,3
archer,1
argent,6
arrangera,1
arrive,8
arrêt,2
artiste,5
assis,1
at,4
atteindre,1
attend,3
attendais,2
attendu,3
attendue,2
attention,15
au-dessus,3
aucune,2
aurai,5
auras,6
avaient,3
avenir,10
baises,1
balles,4
bancaire,1
bar,3
barge,1
barrent,2
barrière,1
bars,3
bas,9
bat,4
beaux,3
being,2
belges,1
bikom,2
bisou,1
bizarre,2
bizarres,3
bière,1
blanc,6
blanche,1
blesserait,2
blessures,4
bosse,5
bourrés,1
bout,5
brillante,1
brillent,1
brings,2
brise,2
brrr,2
brusquent,1
brusquée,1
bruxelles-paris,3
brûlerai,2
bu,2
bug,3
but,4
buvard,1
bénéfique,1
ca,1
cachets,2
cafard,1
caisse,5
caleçon,2
calmes,2
camé,4
caméras,1
canapé,2
cancer,3
canne,2
capitale,3
caresses,1
carte,2
cascade,2
casino,2
casse,4
cauchemars,5
celui,3
cent,7
centimes,2
cerveaux,1
cet,3
chacun,6
chair,1
chaleur,1
chambre,3
chances,2
changent,4
chanson,4
chantent,2
chauffe,1
chaussettes,3
cheater,2
chef,1
cher,4
cherches,1
cherché,2
chiens,1
chier,3
choisi,3
chérie,4
cigales,2
cigarettes,2
cinq,7
clairement,2
clan,2
claquent,1
clichés,2
close,1
cocher,2
cocktail,2
coeurs,4
comble,1
combler,2
come,2
commence,4
commun,4
comparé,2
complets,2
complètement,4
comédie,2
comédien,1
con,7
concentre,1
connard,4
connaître,4
connu,8
cons,2
conseils,2
consentant,2
continuerai,1
convaincre,2
couche,3
coulent,3
couleurs,2
couple,3
courants,2
coïncidences,1
cracher,3
cri,3
crier,2
crimes,2
crois,12
croisement,2
croyances,2
créateur,2
créneau,3
créé,4
cuisine,4
cuits,2
côtés,1
d,2
dalle,1
damn,4
danger,2
dangereux,2
dansent,2
dehors,2
demander,7
demandé,2
dernière,6
despacito,3
desséchés,1
devant,18
deviens,5
devoir,1
diable,6
did,2
die,2
dieux,2
digère,1
dinero,1
diplôme,2
dirais,2
dis-moi,5
disais,3
disant,2
disparais,1
disques,4
divertit,2
dix-neuf,3
do,3
docteurs,1
documents,2
doigt,4
don,6
donc,21
donner,4
dormir,4
dort,2
dos,7
douane,2
douaniers,3
double,6
doubler,2
doublure,3
douleur,7
douée,1
drôle,5
durer,1
débile,2
débilité,2
début,4
décapitée,3
déchirant,2
déconnecte,1
déconner,2
défaut,2
défectueux,2
défoncé,3
dégueus,1
dégâts,4
délire,5
dépasse,1
dépenser,1
député,3
dérangés,2
désespèrent,1
désirs,3
désordre,2
détestera,2
détruis,4
détruit,2
eau,9
efface,2
ego,4
elles,14
embrouilles,2
emmener,1
emmêlent,3
empiété,1
empêché,1
enchante,3
enchanté,1
endors,2
energy,2
enfant,5
enferme,4
enjambes,1
ennuie,2
ennuyer,2
entend,2
entendre,3
entends,20
entière,2
entouré,3
entraîne,2
entre,17
envoyer,1
escaladons,1
espoir,3
esprit,4
espèces,1
essaie,3
essaye,13
essayes,2
est-c'qu'on,4
est-ce,5
européen,5
everything,3
everywhere,2
excitations,1
excite,1
excuses,3
exemple,2
existent,1
expulser,2
f'ra,2
fac,2
fais-moi,2
faisant,2
farce,1
faucheuse,1
faudra,2
fausses,2
faux,8
femme,5
fermé,3
fermés,1
fesses,4
fi,2
fier,11
fini,10
finit,3
fixant,1
fixe,1
flambant,1
flemme,3
foie,2
foiré,2
fonce,4
force,9
forceur,1
forcément,2
fortes,1
foudre,2
four,4
foutoir,3
foutu,6
france,5
frangins,1
frères,7
fucking,2
fun,2
futur,2
fêtes,3
f‌ilm,2
gagnant,2
gagner,2
galères,3
gamin,2
gamins,2
garces,2
gardent,2
gentils,1
girlfriend,2
glauques,1
glisser,2
gloire,3
good,1
gorgées,2
got,15
goût,4
goûté,2
grammes,5
grand-père,2
grandissant,2
grands,3
grâce,2
guerre,5
guerres,1
guidé,1
guidée,2
gène,2
gêne,5
hallucine,3
han,7
hard,2
hate,2
haters,2
hating,2
haut,6
having,2
hawking,2
hendrix,1
herbe,3
heroes,2
hier,20
histoires,5
homie,8
homme,12
hot,2
humaine,2
hyper,2
identité,2
idoles,3
idéalise,3
image,1
immenses,2
imparfaite,1
impressionne,1
imprécis,1
in,10
inconscience,1
insouciant,4
inspi,2
interviews,3
intestable,1
intéresse,3
ira,2
irremplaçable,1
islande,2
it's,11
jai,1
jambe,3
jambes,2
janvier,2
jeannine,2
joint,2
jouaient,3
joue,5
jouer,9
jour-là,2
journée,6
juger,1
jugez,2
juillet,2
justesse,2
justice,3
king,3
kitano,3
know,5
kong,2
ksaar,3
l,6
laissait,1
laissant,1
laissée,1
langue,2
large,4
lattes,3
lentement,3
ler-par,3
lesquels,1
lessive,2
lettres,1
leurs,16
levrette,1
libido,1
lier,3
limité,2
liotta,1
lis,3
liste,2
lit,4
lol,1
lomepal,3
longue,2
looking,2
los,2
lou,1
lsd,1
lucifer,3
luffy,1
là-bas,2
lève,4
léger,5
maaatch,2
madness,1
maine,3
maintenance,2
maitre,1
malheureux,2
malsaine,2
mandait,2
mandé,2
manière,6
maquettes,1
maquillé,3
marche,8
marché,1
mat',3
matent,1
maths,4
mathématiques,2
matin,6
max,3
mecs,5
menais,3
menteur,52
menti,1
merveilleuse,2
messie,2
mets,11
mettre,11
michael,1
miens,6
milieu,2
misère,2
mode,10
moi-même,6
mois,8
monte,6
monument,2
morale,3
morte,2
mous,1
multiplie,3
mur,6
murs,5
my,33
mèche,1
méchants,1
méfier,1
mélania,1
mérite,1
naître,2
naïf,3
naïvement,2
negative,2
neuf,12
niro,3
niveau,12
no,9
noirs,6
nom,8
noël,2
nul,3
nécessairement,3
népal,4
oesophage,1
okay,7
oscar,3
oubliera,1
ouvrir,2
ouvrirai,1
page,3
paire,5
paires,2
pal,3
papa,3
papel,1
papiers,2
par-là,2
paradis,1
paraît,3
parcours,3
parents,3
parfaite,3
paris,10
parlais,5
parlement,3
parles,18
partent,1
partir,9
partirai,4
party,2
passage,1
passent,4
passion,3
passions,1
pause,3
pauvres,1
peine,11
pensait,4
pensées,3
perfection,1
persistent,2
peuvent,3
pfff,2
phares,1
phrases,1
physique,2
phéromones,2
pierre,3
pièges,1
piéton,1
plais',1
plaisais,2
plaisir,1
planer,3
plante,1
plate,1
platine,2
plein,16
pleinement,1
plexus,1
plissés,4
plupart,1
poche,3
poches,3
poing,2
point,6
points,2
poissons,2
poitrine,2
policier,1
porte,4
posséder,2
possédé,1
poste,1
pourrais-je,2
pouvais,2
premiers,8
premières,2
prenait,2
prendre,10
prennent,2
presse,1
pressentiments,1
pressions,1
preuves,4
pris,21
problèmes,5
prochaines,1
proche,5
profite,4
promets,1
promets-moi,2
promettent,1
précieux,1
précis,2
préférés,3
prénom,4
prénoms,3
présenter,2
psycho,3
pub,2
puis,22
pulsions,3
pute,3
pyjama,3
pénombre,3
pétasses,2
pétrole,2
pêche,3
qg,3
qualité,1
quart,3
quiconque,2
quinze,3
quittais,3
quitte,4
r'commencé,1
raccompagner,1
racontais,2
rai,4
raison,6
ramené,2
random,2
rappelle,11
rapproche,1
rassurant,3
ray,1
reconnaître,2
redescente,1
reed,1
refait,2
reflet,7
regardait,2
regarde-nous,2
regardent,2
regarder,3
regardes,1
regrets,1
relaxante,1
remonte,2
remords,2
remplaces,2
rempli,3
renaissance,1
renaître,7
rendort,2
rendrai,1
rentable,2
rentrais,2
rentrant,2
repartir,2
repensais,1
repéré,3
respecte,1
ressemble,3
ressent,2
rester,4
retard,2
rev'nir,2
revenaient,1
revient,3
revois,4
rideaux,3
rigolait,2
rimes,3
risque,3
robert,2
rockstars,3
roule,4
réel,1
réglée,1
réponse,2
réponses,1
réveil,3
rêvais,2
sages,2
sahlan,2
sait,20
sales,4
salto,1
samu,2
sauf,10
sauna,3
saut,3
sauver,2
sauvera-t-il,3
sauvé,3
savoir,8
sciant,1
science,1
seize,3
semaine,2
semaines,3
sensations,1
sentais,2
senti,3
septante,1
septembre,1
serai,3
serait,7
serrés,3
servais,2
servez-moi,2
seulement,3
should,2
show-biz,2
signes,3
simplement,2
six,3
siècle,5
sièges,2
société,4
soeur,11
soeurs,4
sofa,1
soi-même,1
soigner,1
sois,12
something,2
something's,2
sommet,2
sonatine,3
sonne,2
sors,4
sortir,4
sortiras,2
souffler,2
souffrait,1
souffrir,4
souri,2
soûl,2
spa,1
spectres,1
spirales,2
spontané,1
square,1
stable,1
stade,2
stan,2
star,4
stephen,2
still,2
story,2
style,10
subis,1
succès,8
sucer,1
suffisant,3
suffit,4
suit,3
suite,1
supermarché,1
suppose,2
surpris,1
surveillance,1
survis,3
système,9
sémantique,1
séparé,2
table,3
take,1
talent,1
talents,2
tends,1
tenir,2
tens',1
tentations,2
terrible,3
that,5
that's,3
things,2
think–i,2
tirs,1
tisane,1
tize,1
torse,3
touche,4
toucher,3
touches,3
tour,10
touriste,1
tourne,9
track,2
traités,1
tranquille,3
travail,2
travailler,3
traverse,3
traîne,4
trempée,1
triche,3
tristesse,5
tro-mé,1
trou,4
troué,1
true,2
try,2
très,15
trêve,2
tâche,2
têtes,10
ues-r,2
unique,1
urgence,2
urian,1
usine,6
va-et-vient,3
vacances,2
vacanciers,2
vaincre,2
valises,3
van,2
vans,1
vas,31
vas-y,6
vendent,3
venir,6
verra,3
verre,3
verres,5
vers,4
verte,4
very,1
vicieux,1
victimes,3
vident,3
vies,8
villes,2
vin,3
vingt-et-un,1
vingt-sept,2
viré,1
vis,8
visage,22
vision,3
visite,2
visité,1
vitamine,2
vite,10
vivant,1
voiture,3
voix,6
voleurs,3
vont,4
voyage,6
voyait,4
vérité,39
wa,5
wah,1
was,3
when,7
with,5
work,3
wrong,2
y'all,2
ya,5
yes,4
yoda,1
your,6
zero,2
zinzin,2
âme,12
échange,1
échantillon,1
échec,3
écoutée,1
égo,3
éjacule,3
élections,1
élément,2
équilibre,2
équipe,19
étages,2
éteindra,1
éteint,2
étende,1
étoiles,6
étonne,1
étouffer,2
étrange,7
étranger,4
dis,26
x-men,16
regarde-moi,15
main,19
faible,15
ohohoh,10
nouveau,9
bye,6
pote,8
vivra,6
eh,20
marre,5
ramène,6
voudrais,15
écrive,5
croyais,4
douze,5
inverse,4
potes,8
rendu,4
réservoir,4
accordent,3
aimé,4
avions,3
b'soin,5
baiser,8
bleus,3
bonnes,3
bruyant,3
changé,4
dev'nir,4
décollent,3
fallait,4
fillette,3
montées,3
normal,4
ouh,20
pleuré,5
r'voir,3
raisons,3
rentre,5
revoir,5
rêvé,4
seuls,5
souvenirs,4
souviens,5
veines,3
venez,3
vides,4
1-0,2
acharne,2
annulaire,2
août,2
apparaître,2
auriculaire,2
avance,4
baise,5
bateau,8
blesser,2
bouger,2
bouteilles,2
bus,4
cell,2
chansons,2
chante,2
cheveux,3
chutes,2
combien,29
communs,2
concert,3
continue,2
coussin,2
crashe,2
devine,8
docteur,3
dé',2
décapotable,2
décrocher,2
embrasser,3
enfants,4
face,13
faisait,2
fasse,3
flatter,2
flingué,2
fraîche,3
frustré,2
gin,2
holiday,2
humains,6
hélicoptère,2
important,6
inde,2
index,3
joui,2
langages,2
lendemain,2
liens,3
lèvres,2
m,2
majeur,3
marrant,2
meilleurs,2
merveilles,2
messages,2
messieurs,2
meuleuse,2
miel,3
milliards,14
montfermeil,2
mène,3
mènera,2
mémoire,4
ménage,2
océan,2
oublions,2
panne,2
patience,2
payer,3
penses,8
pire,12
pleurer,2
poids,3
popstar,2
pouce,2
prend,7
prêt,2
punto,2
raconte,5
ralentissait,2
repense,4
resserre,2
retournez,2
reviennent,2
robot,2
sage,2
sec,5
serez,2
sers,2
signer,4
skate,2
surtout,2
sympa,2
séance,3
test,7
thème,2
travers,3
trouver,4
truc,8
vendre,4
vidé,2
visages,2
vivre,8
voilà,9
votre,3
écouter,3
écrirai,2
écrire,4
élevé,2
'ai,1
200,2
2019,1
26,1
abattu,1
absinthe,1
accable,1
accepté,1
accélère,2
acheter,1
acheté,1
acides,1
adios,1
ado',1
aff‌iche,1
agit,2
ailleurs,1
aimait,1
aime-moi,1
ajoutant,1
allé,1
alléluia,1
amina,1
anciennes,1
anniversaire,1
anquait,1
anti-cernes,1
apaiser,1
appel,1
appris,2
aprem,1
armure,1
arrivait,1
arrivederci,1
arrêts,1
atroces,1
attaque,2
atteints,1
aubaine,1
avancer,1
avez,1
avouer,1
avoué,1
bagarrer,1
bagheera,1
baise-moi,1
barque,1
beam,1
ben,1
benne,1
bio,2
blagues,1
boeings,1
boire,1
bonus,1
bougera,1
bougie,1
boum,3
bourré,1
bowie,1
break,2
brouillard,2
bruit,19
bull,1
burn,1
bêtement,1
bêtises,3
cadran,1
calmants,1
calmera,1
caméléon,1
caméra,1
cartel,1
cascades,1
catering,1
cavalier,1
cernes,1
chanceux,1
chant,1
chanter,2
charisme,2
charme,1
chaîne,4
chaînes,1
chiant,1
chimio',1
choeur,1
chèque,2
cinquante,1
cintre,1
cinéma,1
clair,3
clips,1
cocktails,1
cohue,1
coins,2
colère,1
commencé,2
communiquaient,1
compares,1
complexes,1
condamné,3
confirme,1
contenir,1
contente,2
continuez,1
contrôle,3
cooper,1
costard,3
couchette,1
coups,10
cousine,1
couvertures,1
coït,1
crashée,1
crawl,1
crie,3
cuite,1
cède,1
dangereuses,1
dave,1
david,1
dernier,2
derrière,4
dettes,2
deuxième,2
dev'nu,1
disaient,3
disloqué,1
doit,2
dollars,2
donné,5
durant,1
dv,1
déborder,1
débuts,1
décaler,1
décharge,1
déconcentré,1
défoule,1
défouler,1
déjà-vu,1
démarrer,1
démon,2
déni,2
dépassé,2
dériver,2
désir,3
dû,2
effort,1
ekip,1
elliott,1
embrouille,1
endormi,1
endorphine,1
enfreindre,1
enlève,1
ennemi,4
enterrer,1
entraide,1
escroc,1
essayer,3
essuyer,1
euh,5
euros,2
ex-copine,1
exception,1
exclusivité,1
explose,1
expressions,1
extraordinaire,1
fade,3
faisiez,1
fans,1
farouche,1
faute,1
fauteuil,1
fessier,1
festival,1
feux,1
films,1
fils,3
fière,1
flash,1
foot,1
forcer,4
forme,4
fourbes,1
frayeur,2
frôler,1
f‌ierté,1
f‌inale,1
f‌lammes,1
g,3
gagnée,1
gaine,1
galère,2
gamme,1
genoux,1
glaçon,1
glisse-toi,1
gorge,1
goujat,1
gratuit,1
grohl,1
grosse,2
gucci,3
gènes,1
gênant,1
hache,1
haute,2
hippie,1
histoires-là,1
hoquet,1
horripilent,1
humain,5
hype,1
hôpital,1
images,3
inattendu,1
indiffèrent,1
infini,3
initiée,1
insolent,1
insulter,1
intentions,1
inventer,2
inventes,1
invincible,1
irais,1
irm,1
j,1
jacuzzi,1
jerry,1
jeunes,9
jim,7
jouir,1
jours,8
joyeuse,1
jésus,1
kad,1
karting,1
label,1
laisse-le,1
lavé,1
leads,1
lend'main,1
libre,1
libéré,1
lignes,2
lire,1
logan,1
loge,1
lorsqu'on,1
loyer,1
lunettes,1
légende,1
léon,1
magie,1
maigre,1
maquiller,1
marca,1
marin,1
marques,2
marqueur,1
marrons,1
masquer,1
masqué,3
match,2
matelas,1
matt,1
mauvaises,1
maux,2
mec,9
meilleure,4
merad,1
merveilleux,1
meuf,2
mi,1
micro,3
migos,1
million,1
minuit,1
minuscules,1
montre,4
moquer,1
moquette,1
mords,1
morphologie,1
moto,1
muscu',1
mythos,1
mères,3
méduse,1
mélange,1
mélo',1
métronome,1
nageur,1
nagé,1
nikka,1
nique,3
nir,1
noie,2
normalement,1
notes,2
nouveaux,2
nuls,1
num',1
nus,1
néons,1
objectivement,1
obligés,1
off,2
offrir,1
ohlala,1
olala,1
ombre,3
on-dit,1
orageux,1
orgasme,1
original,1
oseille,3
paix,2
parapluie,1
parfum,2
partage,1
parti,3
parties,1
partis,1
pascale,1
passages,1
patata,1
patati,1
pauvrement,1
paye,1
paye-moi,2
paz,5
peau,2
pensais,7
peste,1
phalanges,1
phase,1
philo,1
piqûre,1
piscine,2
plagier,1
plaies,1
plaindre,13
pleurant,1
plumard,1
poings,1
pool,1
populaire,1
pose,3
poser,2
pourras,3
pourrez,1
poussent,1
pression,3
principes,1
pro,1
prochain,1
propre,4
puissant,3
puissante,2
putes,3
père,2
pénétrer,1
quel,3
quitter,2
r'couvert,1
ra,6
raccourcis,1
raconter,1
racontes,1
rager,1
ramènent,1
rap,12
rare,4
rattraper,3
ratés,1
rayon,2
raz-d'marée,1
reconnus,1
record,1
red,1
red'mande,1
ref'rait,1
referment,1
refuse,2
regardant,1
rejoint,1
remarquables,1
remette,1
rendors,1
rendre,1
rentrer,2
repasse,1
requins,1
resonne,1
respecté,1
resté,1
revanche,2
revue,1
ricochets,1
rime,2
rip,1
rires,1
risquer,1
rouges,1
règle,1
réciproque,1
récré,1
récré',1
rémy,1
répéter,1
réseau,1
résonne,1
réussi,1
réussir,1
sac,2
sache,16
sachent,1
sacrifices,1
sadboys,1
saignent,2
sailor,1
saint,1
saint-anne,1
salle,1
sauve,1
schtroumpf-party,1
scènes,1
secret,3
sent,2
sentir,2
sers-moi,1
servir,1
seules,1
sex-symbol,1
siens,3
simple,4
single,1
skills,3
smith,3
snowpiercer,1
soirées,2
sol,4
solide,3
soon,1
sordides,3
sortie,3
souffre,3
soupe,2
spritz,1
ssus,1
stoppera,1
suceurs,1
survivant,1
sérieux,3
t-shirts,1
tableau,1
taches,1
taf,3
taille,3
tamagotchi,1
tapes,1
tel',2
tentatives,1
terrifié,1
textos,1
tiennent,1
tirer,1
to',1
toi-même,1
topten,1
tourbus,1
tournée,2
tours,4
transe,1
transmettre,1
transmis,1
traversant,1
trous,2
tubes,1
twister,1
twitter,1
télé,1
téléphone,3
uni,1
unis,2
univers,12
usé,1
utilise,1
valentinelli,1
vase,1
vaste,1
venais,1
ventes,1
verveine,1
veulent,8
veux-tu,1
vieille,1
visiter,1
vitre,2
volant,1
volée,1
voyou,2
vue,1
whay,1
whisky,1
wild,1
wolverine,1
world,1
yass,1
yassine,1
yusuf,1
yuzu,1
âges,1
âmes,1
éclaté,1
écran,3
écrites,1
égoïste,1
énergie,2
épreuves,2
étage,1
éteins,1
étends,1
le,291
cut,32
son,36
boy,22
es,40
se,23
lourdement,21
te,30
yah,21
court,19
mama,18
recompte,18
réveille,18
tes,25
biz',16
posés,16
sommes,16
hommes,15
chargé,15
endormir,13
feu,13
gang,12
hunter,12
lenteur,12
mo',12
slow,12
brisé,11
flingue,11
ses,14
certains,11
baba,9
discret,9
première,9
sale,10
étaient,9
ga,8
jeune,13
seine,9
somme,8
under,11
7-5,10
ahhh,7
chargée,7
chargés,7
faisais,7
genkisô,7
hun,7
ken-chan,7
lune,8
mata,7
occas',7
sang,7
vient,9
yokattayo,7
zoo,7
écho,7
acteur,6
bas-monde,6
bonhommes,6
carrés,6
cheum,6
choisissent,6
coupe,6
coupe-gorge,7
derniers,6
donne-leur,6
dribble,6
hisoka,6
landers,6
malheurs,6
marque,6
mens,6
montrer,6
paris-sud,6
pieds,7
r,10
rue,6
tue,6
×,6
écrit,6
absent,5
aura,5
biz,5
copine,5
gars,15
joints,5
liés,5
manquent,5
moches,5
pics,5
plan,7
rappeurs,7
revendais,5
rôle,5
sors-tu,5
sort,8
vent,5
volais,5
achetais,4
art,4
beriz,4
blesse,5
cash,6
charo,4
chleuh,4
collège,4
croix,7
cyclones,4
dont,5
doublement,4
déter',5
flics,4
gel,4
générique,4
inquiète,4
jeux,4
ken,5
keufs,5
mange,6
mektoub,4
nuages,4
p'tit,6
pareil,6
playstation,4
rancune,4
ronds,4
roulé,5
réplique,4
script,5
simpson,4
souffle,4
soupirs,4
sépare,4
traînais,4
tremblements,4
triangles,4
vices,4
êtres,4
affreux,3
aimais,3
appuie,3
arrêtent,3
aube,3
biff,6
blinde,3
béton,3
casting,3
charger,3
contre-attaque,3
dada,3
demandes,4
disque,3
diss,3
doucement,3
droit,4
droits,3
déçu,3
enterre,3
envoie,7
erreur,3
espace,3
faudrait,3
flashball,3
galaxies,3
humeur,3
hôtel,3
insert,3
intransigeant,3
khler,3
lâche,3
money,5
morts,3
moyen,3
na,6
obsédée,3
onze,3
paname,4
peace,4
piste,5
pixels,3
pluie,3
portes,3
pète,5
quartier,3
reese,3
restera,3
soulever,3
temps-ci,3
tieks,8
tolérant,3
traîtres,3
vrais,3
wesh,3
wouh,3
accordées,2
acteurs,2
action,2
aimerais,19
allô,2
ambulance,2
amoureux,2
apporte,2
arabe,2
arguments,2
aspect,2
attrape,2
avances,2
avis,3
avoue,2
bang,2
bobine,2
boo-boo-boo-boom,2
bouffe,2
boîte,2
bras,2
brille,2
brins,2
cas,2
casquettes,2
casses,2
cauchemar,2
certifié,2
chaude,2
chauve,2
chiffre,2
choquer,2
classiques,3
codes,2
compliqué,2
connaît,2
creux,2
crime,2
critiqueurs,2
crochetées,2
croit,2
cru,2
côte,2
dems,2
dessine,2
devienne,2
deviennent,3
diabi,2
diront,2
discrètement,2
donneras,2
dormais,2
du-que,2
durs,2
dérive,2
enfouies,2
eren,2
escaliers,2
espèce,3
essentiel,2
ew,2
existe,3
extra-large,2
f'rai,2
facile,3
faisons,2
fantômes,2
figu',2
finis,2
flaque,2
flash-back,2
flou,2
fouillant,2
frappe,4
front,2
galvin,2
gasolina,2
gestes,3
gifles,2
goten,2
grandir,2
gèle,2
hexagones,2
hideo,2
honneur,2
imagine,2
infinité,2
ivresse,2
jugés,2
khos,2
kilos,2
koala,2
kojima,2
lame,2
langage,3
lever,3
lois,2
london,2
losanges,2
loup,2
lu,2
lumières,2
maille,3
maisons,2
mc,2
mener,2
mer,6
minorités,2
miss,2
monter,2
mouillé,2
naissance,2
nature,3
new,3
nickel,2
nier,2
objectif,2
occupe,2
og,2
ombres,2
only,2
orleans,2
ouragan,2
pleut,2
pousse-toi,2
poussières,2
prendras,2
prod,3
prod',2
projeter,2
préfère,2
prévoir,2
psy,2
pudique,2
pulls,2
putains,3
r1,2
race,4
racistes,2
rah,2
re-mè,2
redistribue,2
relève,2
renaisse,2
rents-pa,2
reprend,2
retrouvé,2
reuch,2
reviendrai,2
riches,2
réalisateur,2
san,3
sapes,2
savais,2
sel,3
seum,3
shit,7
signe,3
sinon,2
sirènes,2
sociaux,2
solitaire,2
songes,2
sons,3
souffrances,2
spectateur,2
team,2
tempête,3
terres,2
toki,2
tokyo,2
tracasse,2
traitement,2
transports,2
tricheur,2
trompette,2
trouve,2
v,3
victoire,2
vidéo,2
vimeo,2
volé,2
voudrait,2
voulaient,2
vraie,3
vroum,2
wooh,2
écrase,2
écrivais,2
étend,2
étend-il,2
évacue,2
'blèmes,1
'sique,1
-bécile,1
-cli,1
-crew,1
-croums,1
1245b,1
16,2
199l,1
3,1
6k,1
a-t-il,1
absorbé,1
abysses,2
accomplis,1
accorde,1
accoudoir,1
accoutumer,1
accroche,1
accueillir,1
accède,1
actrice,1
actu',1
actualité,1
addiction,1
adroit,1
adultère,1
affrontent,1
afghan,1
afuredasu,1
agglutinent,1
agir,1
aies,1
ailes,2
aimerait,1
airs,1
alcoolique,1
alerte,1
allument,2
allusions,1
alternera,1
amas,1
amassent,1
amateur,1
ambitions,1
amours,1
amplifie,1
amusent,1
ana,1
ancienne,2
anglais,1
angle,1
annai,1
annexe,1
annoncer,1
antennes,1
anthropologue,1
aorte,1
ap',1
appareil,1
apparence,1
appart,1
appelaient,1
apprendre,1
apprends,1
approprier,1
appui,1
appuie-toi,1
arabes,2
archétype,1
argotique,1
argumentées,1
arme,2
armé,1
arrache,2
arracher,1
arrivent,1
arriver,2
arrière,2
arrêtant,1
asobu,1
aspiré,1
assassiné,1
assistance,1
assistante,1
assumes,1
astres,1
atrophie,1
atta,1
attitude,1
attraper,1
attrayantes,1
attroupée,1
augmente,1
auteur,1
authentifié,1
autrement,1
avancent,1
avarice,1
aveugles,1
ba-ba-ba-bay,1
babtou,1
baby,1
bac,1
backgrounds,1
baffer,1
bah,2
bail,2
baisse-toi,1
baisée,1
bakari,1
balcon,1
balèze,1
bambino,1
banlieue,1
barre,1
barricade,1
bases,1
basket,1
batman,1
bats,1
battles,1
bay,1
beatmakers,1
beaufs,1
beauté,2
bel,1
belek,2
belles,1
bendo,1
berlin,1
bernard,1
beuh,2
biatch,1
bibi,1
bicraveurs,1
bidonville,1
bienvenue,1
bigarrée,1
bilan,2
bilingue,1
billal,1
billay,1
billets,1
binks,1
bip,8
bissap,1
bitches,1
bièvre,1
blancs,2
bless,1
bohémiens,1
boisson,1
bondis,1
bonhomme,1
bonté,1
bouches,1
bougs,1
bougé,1
bourgeois,1
bouteille,1
boutique,1
bouts,1
braise,1
branche,1
braque,1
braquer,1
braves,1
bre-ch',1
brin,3
brique,1
briser,1
brunch,1
brusquement,1
bruxelles,1
bt,1
buggé,1
bulle,1
burton,1
business,1
bégayé,1
bêtes,1
cache,1
cachemire,1
cain-ri,1
cal-çif,1
calcule,1
calvitie,1
cam,1
came,4
canal,1
cane,1
canette,1
capuche,1
carats,1
casser,1
catapultèrent,1
catastrophique,1
caves,1
celle-là,3
centaines,1
centime,1
centre,1
chacals,1
chagrin,1
chaises,1
chantées,1
chasser,1
chefs,1
chelou,2
chemin,8
chenapan,1
cherchaient,1
chiffres,2
chihiro,1
chinois,1
chère,1
chères,1
chèvre,1
chétif,1
cible,1
cil,1
cile-fa,1
cimenterai,1
cimetière,1
ciné,1
ciseaux,1
cket-ra,1
clamse,1
clap,1
clash,1
classic,1
cligner,1
clou,1
clubs,1
coachella,1
cobayes,1
cocaine,1
codé,1
cogne,1
coincé,1
coincés,1
cojones,1
colle,1
collision,1
collées,1
com',1
combat,1
combi,1
commotions,1
compatiras,1
complice,1
complices,1
composant,1
comptais,1
comptes,1
compétences,1
compétente,1
concurrence,2
confesse,1
confluent,1
conscient,1
construire,1
construit,1
contact,2
contester,1
contrat,1
contrats,1
contre-plongée,1
contrôlait,1
convoi,1
convoité,1
copeaux,1
copines,1
corner,1
coroner,1
cou,1
coucou,1
coulait,1
couleur,1
couplet,5
couplets,1
coupé,1
courant,2
couronné,1
coursé,1
courtois,1
couvre-feu,1
coûtant,1
coûter,1
craindre,1
crains,1
craintes,1
crasse,1
crevé,1
critiquent,1
croisait,1
croise,1
croisée,1
croyant,1
crush,1
crème,1
crédit,1
cuisses,1
cul,1
cylindré,1
câbles,1
câlins,1
céder,1
célébrer,1
côtoie,1
côté,3
daijōbu,1
darius,1
dark,1
daronne,1
darons,1
de-devant,1
death,1
descendait,1
descente,1
dessus,1
destins,1
deux-trois,3
devais,1
devait,1
deviendra,1
deviendrais,1
devin,1
devoirs,1
dicidens,1
didier,1
diligence,1
dimension,2
directement,1
dirigeante,1
dirigeants,1
discordantes,1
discours,1
discute,1
dise,1
disparaît,1
disparaîtra,1
disparaître,1
disparu,1
dispute,1
disputes,1
disquettes,1
dites,1
divan,1
docu',1
dommage,1
donne-moi,1
donnez-moi,1
dossier,1
dou-dou-doucement,1
douce,1
douche,1
doums,1
doux,2
draguait,1
drague,1
drame,1
drapée,1
droga,1
dunes,1
duo,1
déambule,1
débrouillardise,1
décochés,1
décoller,1
décompresse,1
décrochait,1
défenseurs,1
défier,1
défilent,1
défoncer,1
déformé,1
dégage,1
dégoulinent,1
dégoûte,1
délaisser,1
délit,1
démodé,1
démoli,1
démonté,1
déménageurs,1
déménagé,1
dépend,1
déploie,2
dépravé,1
déprimer,1
dérange,1
déranger,1
déshabille,1
désillusions,1
désormais,1
déséquilibré,1
déséquilibrées,1
détachait,1
détesté,1
détruire,1
dévalant,1
dévalise,1
dévaster,1
développe,1
développé,1
dévorent,1
e-mail,1
ed,1
effacera,1
effacé,1
efforts,1
effraie,1
eheh,1
eki,1
ellipse,1
embrun,1
embryon,1
embêté,1
emprise,1
empruntes,1
en-d'ssous,1
encre,1
enfoncer,1
enfreintes,1
engeance,1
engloutie,1
enjeu,1
enlever,1
ennemis,1
ennui,1
enquête,1
enseigne,1
entourage,1
entourloupe,1
entrepreneur,1
envers,1
envoient,1
envoler,1
envoyait,1
erreurs,1
escalade,1
espoirs,1
espères,1
esquinteras,1
essais,1
essayait,1
essence,1
esseulé,1
est-c't'as,1
event,1
ex,1
excitant,1
exclure,1
existence,1
existences,1
expert,1
exploits,1
exporte,1
express,1
extincteur,1
eye,1
f'ras,1
faite,1
falloir,5
fasciné,1
fassent,1
fatigue,1
faussaires,1
fauves,1
fayot,1
façade,1
façon,1
fennecs,1
fenêtre,2
ferais,1
feront,2
feuille,1
feuilles,1
financée,1
finirai,1
finissent,1
flambe,1
flare,1
fleurs,2
flous,1
flow,3
flows,1
fluo,1
fléau,1
foi,2
folles,1
follet,1
follower,1
fondu,1
formes,1
forts,1
fosse,1
fournissent,1
foutait,1
français,1
frappent,1
fraudé,1
fraîches,1
frein,1
french,2
frissons,1
froide,1
frontières,1
ftg,1
fuir,1
fuites,1
fuji,1
fuku,1
fumer,2
fumée,1
fusée,1
future,1
futuristiq,1
féliciter,1
g's,1
gangstas,1
gardait,1
garderie,1
gaspillage,1
gaspilles,1
gav,1
gavas,2
gaz,1
geste,2
geôles,1
gif,1
gifle,1
gifler,1
girafe,1
girofle,1
gisent,1
glissant,1
glisse,1
glock,1
gluten,1
gmail,1
go,3
god,1
gojira,1
golden,1
golems,1
gosses,3
gotham,1
gothique,1
goûte,3
goûter,1
graine,1
gramme,1
grandi,1
grattent,1
gratter,1
graves,1
gravés,1
griffé,1
grilles,1
grossira,1
grossistes,1
grrr,1
grunge,1
gta,1
guettent,1
guise,1
gun,1
guys,1
gyro',1
gère,1
génération,1
gêné,1
hab,2
habits,1
hair,1
hallu',1
hamdoulillah,1
harassant,1
hauteur,1
hauts-d'seine,1
high,2
hit,1
hitomi,1
hiver,1
homophobe,1
horde,1
horizons,1
horizontale,1
horlogerie,1
hotspot,1
humanoïde,1
humilier,1
humé,1
hymen,1
hyènes,1
hé,1
hérité,1
i-ve,1
ici-bas,2
identifié,1
idée,1
idées,3
ien-cli,1
ient-cli,1
illettrés,1
illogique,1
imbécile,1
impact,1
impose,1
improvisant,1
indices,1
indépendants,1
indésirables,1
inexorablement,1
infernales,1
infiltré,1
infligeais,1
info',1
ingé,1
inondées,1
inquiet,1
inquiets,1
insensible,1
insistant,1
insomnie,1
inspire,1
inspiré,1
intelligents,1
intensément,1
interdit,1
internat,1
interroger,1
intervalle,1
intestin,1
intérieure,1
inutile,2
invocations,1
iris,1
isma,1
isolé,1
itashimasu,1
japonais,1
jaune,1
jaunissent,1
jeep,1
jette,1
jette-toi,1
jogging,1
jolies,1
jouais,1
journal,1
joué,1
juge,1
juges,1
jugé,1
juice,1
jul,1
jure,1
justes,1
justifier,1
kake,1
kaketa,1
kakô,1
kangaeteta,1
karim,1
karin,1
katrina,1
kaze,1
kebab,1
keum,1
keumé,1
kho,1
kickage,1
kid,1
kiffait,1
kilomètres,1
konaida,1
kono,1
kool,1
lactée,1
laissera,1
lance-ba,1
laptop,1
laquelle,1
lasagne,1
lascar,1
lascars,1
lean,1
level,1
leçon,1
lgbt,1
liaisons,1
liberté,1
licencient,1
lien,1
lieu,1
life,1
lilas,1
linceul,1
lion,1
lionceaux,1
lisent,1
lisse,1
littéraire,1
livrer,1
loc',1
locked,2
loco,1
locomotion,1
logo,1
lorsque,1
lossbar,1
lot,1
loups,1
lourd,1
luit,1
lunatic,2
lunes,1
là-ui'c,1
lé-par,1
légendaire,1
lésions,1
magnitude,1
mainichi,1
mal-être,1
malappris,1
malfrats,1
mane,1
manie,1
mannequins,1
manquer,1
march'ra,1
masques,1
masse,1
mature,1
maudissent,1
mauvaise,1
maîtres-nageurs,1
maîtrises,1
mcs,1
mensonge,1
mensonges,1
ment,1
mentent,1
met,4
mette,1
mettes,1
mettrai,1
meubles,1
meufs,2
meurent,1
meurt,1
mi-mai,1
miageta,1
michel-ange,1
mien,1
miettes,1
miff',1
miles,1
milli',1
milliardaire,1
minarets,1
minerai,1
mirai,1
miroir,2
mise,1
mixtape,1
mo,1
mojo,1
molitor,1
moment,3
moments,1
moniteur,1
monstre,1
mont,1
morbide,1
mortes,1
motard,1
motown,1
mouillée,1
mourra,1
mouss,1
mousse,1
moutons,1
mugen,1
muguets,1
murmure,1
musiciens,1
musiques,1
mystérieux,1
mégot,1
mélancolique,1
mélangé,1
ménages,1
méritent,1
namek,1
nana,1
narcotiques,1
narita,1
ne-yo,1
neck,1
neiman,1
nek-feu,1
nerfs,3
nettoie,1
nike,2
niquer,1
niquez,1
nirvana,1
nivea,1
noms,1
note,1
nouvelle-orléans,1
noyade,1
nuage,1
nuances,1
nubi,1
nuisibles,1
nuits,4
numéro,1
nysay,1
nègre,1
négo',1
négro,2
objets,1
obligé,1
observe,1
obsédé,1
obtempères,1
occupe-toi,1
odeur,4
oeuf,1
officialisent,1
offrandes,1
ogives,1
ohh,1
ohhh,1
okyaku-sama,1
olsen,1
omoide,1
onsen,1
oooh,1
ooooh,1
orgueil,1
orle',1
ose,1
ouest,2
ouvert,1
ouverts,1
ouvre,2
ozora,1
p'tits,1
pacifiste,1
paddle,1
panamera,1
panorama,1
pardonne,1
parlaient,1
parlent,1
parlera,1
partira,1
pas-pas-pas,1
passais,1
passait,2
passants,1
passe-passe,1
patient,1
patientaient,1
patrons,1
paume,1
pavés,1
pays,2
pensent,1
penser,1
pensé,1
pente,1
per-cho,1
perchoir,1
perdant,1
perforé,1
perçois,1
phases,1
pigeons,1
pigments,1
pile,1
pillage,1
pilon,1
piloter,1
pinceaux,1
pine-co,1
piques,1
pires,1
pis,1
pisse,1
pissenlits,1
placard,1
plancher,1
plaves,1
pleins,1
pleurais,1
pleurent,1
plongeant,1
plongerais,1
plongé,1
plutôt,2
pnl,1
pochon,1
poignée,1
poil,1
pointillés,1
police,1
pollen,1
polémiquaient,1
port,2
portons,1
possession,1
possibles,1
posé,5
potentiel,1
poto,11
pousse,1
poèmes,1
ppé-fra,1
premièrement,1
prenne,1
prestance,1
preuve,1
prie,1
prince,1
printemps,1
prisme,1
prisonniers,1
privé,1
privées,1
procession,1
prods,2
produits,1
profil,1
profs,1
profusion,1
projets,1
proposent,1
protester,1
prouver,1
provisions,1
provoquent,1
précision,1
prétendent,1
prétentieux,1
prévenu,1
prévu,2
prête,1
publiques,1
pue,1
pues,1
pupilles,1
pur,1
péché,1
péchés,1
pédophiles,1
pénale,1
pénards,1
pépinière,1
périssent,1
pêchés,1
quartiers,1
queue,1
r'donne,1
r'garder,1
r'mercie,1
r'monte,1
raccords,1
raccourci,1
rait,1
ralenti,2
ramasse,1
rappeler,2
rapports,1
raps,1
raterais,1
rats,1
raté,2
rayent,1
rayons,1
rayé,1
rayés,1
re-fré,1
re-mé,1
recherche,1
recommence,1
recommençons,1
records,1
redescends,1
redescendu,1
refaire,1
regardais,1
regardés,1
regrette,1
relaie,1
relation,1
remballe,1
rembobine,1
remercierai,1
remets,2
remettrais,1
remparts,1
remplace,1
remplacé,1
remplit,1
remuer,1
rende,1
renfermé,1
rentré,1
renversera,1
repars,1
repousse,2
reprochais,1
représente,1
ressort,1
retour,1
retourne,1
retourner,1
reufs,1
revisualise,1
reçoit,1
riant,1
ricane,1
richesse,2
rif,1
rit,1
riverains,1
rivés,1
rohff,1
roi,1
romantisent,1
roms,1
ronde,1
rouler,2
rrain-té,1
rre-gue,1
rues,1
ruine,1
rupture,1
ruse,1
rush,1
rushs,1
réappris,1
réconfort,1
rée-soi,1
réglait,1
répondre,1
réponds,3
réservait,1
résistance,1
réunissant,1
réussite,1
réveiller,1
rêches,1
rôles,1
sabishi-sōdattakedo,1
sable,2
saccage,1
safran,1
saigne,1
saigner,1
saine,1
saisons,1
salades,1
sali,1
salissons,1
salopes,1
salue,1
samedi,1
sangloter,1
sankara,1
sans-visage,1
santé,2
sarah,1
sauce,1
sauv'rait,1
sauveront,1
savoure,1
scards-la,1
scarface,1
sceptique,1
scission,1
scié,1
scolaire,1
scoop,1
scoot',1
scred',1
secouant,1
secoue,1
secours,1
sekai,1
select,1
semblais,1
sentiers,1
sentimentale,1
sentiments,2
seront,1
serré,3
servait,1
sevran,1
sevrés,1
sezuni,1
sheeran,1
shneck,1
shoot,1
shoote,1
shops,1
siennes,1
sifflé,1
signal,1
signé,1
silver,1
simples,1
sinatra,1
sincère,1
sixtine,1
skeud',1
sociale,1
soigne,1
soin,1
soldats,1
solidaire,1
solo,1
sombre,1
sombres,1
sommes-nous,1
sommier,1
songe,1
sonnerie,1
sortent,1
sortes,1
sorti,2
soudain,1
souffrance,1
soulève,1
souris,1
sout'nant,1
souvenir,1
souviendrai,1
sparadraps,1
spleen,1
spoil,1
sport,1
ssus-dessous,1
staff,1
stats,1
stone,1
stud',4
studio,1
stuff,2
stunt,1
subir,1
succombe,1
suces,1
sucré,1
suffi,1
sugisatte,1
suisse,1
suivent,1
suivie,1
super,1
sur-exposé,1
survie,1
suspension,1
suspicion,1
swah,1
sweat,1
swing,1
sylvain,1
synagogue,1
sèche,2
sème,1
sève,1
séisme,1
séparation,1
séquence,1
tachidomarô,1
taff,1
taffer,1
tape,3
tapent,2
taquinent,1
tarde,1
tarifs,1
te-c's,1
teh,1
teinté,1
tempe,1
tempère,1
tenté,1
terne,1
tesla,1
testarossa,1
teste-la,1
textes,3
thon,1
three,1
tiens,1
tim,1
tise,3
tiède,1
toiles,1
toilettes,1
toits,1
tojireba,1
tomarazu,1
tombent,1
tonne,1
tony,1
top-models,1
tornade,1
torts,1
touchent,1
touristes,1
tourmente,1
tourn'ront,1
tourner,1
tourné,1
tracer,1
tracklist,1
trafic,1
trafique,1
trahi,1
train,1
trait,1
traiter,1
traits,1
trajectoires,1
transformera,1
transfusée,1
transperce,1
traverser,1
traversera,1
traîner,1
traîné,1
tremblé,1
tremper,1
trempées,1
trempés,1
tremé,1
trente,1
tresses,1
triangle,1
tribu,1
tribunal,1
trilogie,1
trinquer,1
troca',1
tromper,1
trompé,1
trottoir,1
troublant,1
troupeau,1
trouve-moi,1
tré-ren,1
tss,1
tweeter,1
two,1
type,3
tâches,1
té-j',1
té-ma,1
ténèbres,1
tōkyō,1
u,1
uber,1
uhu,1
umla,1
uns,1
urbaine,1
utopiste,1
v'nus,1
vacillantes,1
vaillante,1
vaincus,1
valent,1
vant,1
vautours,1
vendetta,1
vends-leur,1
vengeais,1
vengé,1
ventre,2
ventriloques,1
venue,1
veuille,1
vibré,1
vice,1
vienne,1
viennent,1
vif,1
vigiles,1
villa,1
villardière,1
violette,1
vit,2
vitesse,1
vive,1
vivent,1
voie,1
voient,1
voila,1
voire,1
voisins,1
vol,1
volcans,1
volets,1
vomissent,1
voyous,1
vélo,1
vélos,1
wasure,1
wear,1
weed,2
wellness,1
wo,1
xd,1
xp,1
y'en,2
yasashi,1
yo,2
yukukedo,1
yuugure,1
zgar,1
zigzag,1
zippette,1
zone,1
zones,1
zèle,1
ébène,1
écarquillement,1
écart,1
écarter,1
échappé,1
échelle,1
éclairage,1
éclipse,1
éclosion,1
écoles,1
écornée,1
écrans,1
écume,1
éduqué,1
élance,1
élargit,1
électriques,1
élimineraient,1
éloignent,1
éléphanteaux,1
émotion,1
ému,1
épicentre,1
époques,1
épuisantes,1
ériger,1
étape,2
état,1
éternel,1
étoile,1
étonnant,1
étonnerait,1
étouffée,1
étripent,1
étroite,1
étudie,1
évanescentes,1
évocation,1
ôter,1
le-gueu,44
speed,42
the,32
spécial,27
hand,25
higher,21
overdab,20
eya,18
put,15
so,15
dab,14
dices,13
spin,13
thighs,13
i'm,12
sugar,11
fly,9
clope,8
explique,8
allo,7
how,7
cause,6
lifted,6
over-over,6
traces,6
check,5
couronne,5
daber,5
guette,5
instru,5
let's,5
never,5
pop,5
péter,5
than,5
they,5
tracé,5
ass,4
bails,4
blavan,4
bouée,4
coupée,4
difficulté,4
débusquer,4
feeling,4
kkk,4
phone-tel,4
pow,4
rappelles,4
répondu,4
v'là,4
what,4
zéros,4
écouler,4
10,3
4g,3
akg,3
all,3
approchez,3
azerty,3
babylone,3
brusquer,3
busquets,3
cailler,3
calle,3
casque,3
ceilin',3
cyclone,3
feelin',3
fins,3
frelons,3
gifted,3
give,3
humanité,3
irl,3
k,3
kanye,3
kim,3
light,3
litres,3
marine,3
matrice,3
mean,3
middles,3
nagatché,3
oim,3
ooohwee,3
people,3
peuf,3
photos,3
right,3
sabers,3
sergio,3
shifted,3
signaux,3
space,3
time,3
trix-ma,3
ultimate,3
2,2
444,2
8,2
always,2
apprend,2
appétit,2
attendant,2
au-d'ssus,2
barres,2
battes,2
bicrave,2
bigger,2
bir,2
blaze,2
blazes,2
broco,2
canner,2
ce-vi,2
center,2
changeant,2
chanvre,2
charlie,2
chasseur,2
cherche,2
chercher,2
connait,2
conso,2
croient,2
cypher,2
cédé,2
dinguerie,2
dingueries,2
dirt,2
dièse,2
démarrage,2
engendre,2
entraînement,2
faits,2
fake,2
file,2
flip-flap,2
from,2
gent-gent,2
getting,2
going,2
gérer,2
hands,2
jersey,2
john,2
jugements,2
keuf,2
keumés,2
khalifa,2
kush,2
libra,2
matière,2
mc's,2
mia,2
moves,2
nobody,2
old,2
parle-moi,2
paro,2
penchant,2
piges,2
plane,2
pourra,2
proches,2
quai,2
rapide,2
rater,2
recale,2
relax,2
representing,2
ride,2
réactions,2
résume,2
sapés,2
scale,2
sean,2
shaking,2
side,2
sierra,2
smic,2
squad,2
stressé,2
surface,2
tah,2
tec',2
there,2
these,2
tic-tac,2
trajet,2
trouvent,2
tyler,2
té-mon,2
veau-cer,2
vibe,2
where,2
écorcher,2
'vec,1
-pace,1
0-9,1
000,1
20,1
4,1
44,1
445ème,1
5,1
50,1
6'9,1
abandonne,1
abuse,1
ac,1
accompli,1
admire,1
adn,1
adnan,1
adulte,1
affole,1
affranchir,1
afrique,1
agis,1
agiter,1
ai-je,1
aigri,1
al-mawt,1
alicia,1
aliens,1
alliée,1
already,1
alternative,1
ambiance,1
amer,1
amertume,1
amigo,1
amérique,1
anissa,1
anneaux,1
anthracite,1
apnée,1
apparaît,1
appât,1
après-minuit,1
archiver,1
are,1
argot,1
arrogant,1
ask,1
assiette,1
assises,1
assumer,1
assènes,1
attachés,1
attendre,1
atterrir,1
atterrisses,1
attitudes,1
auditif,1
autant,1
autoriserais,1
avancé,1
avère,1
b6,1
ba-ba-baby,1
bach,1
back,1
backent,1
backpacker,1
backs,1
bad,1
bahamas,1
baisse,1
baissée,1
balade,1
balafres,1
balance,1
balancer,1
bane,1
banni,1
baril,1
barillet,1
barreau,1
barrow,1
base,1
basique,1
bavail,1
bavon,1
behind,1
bellek,1
bellucci,1
berry,1
better,1
beuj,1
beurre,1
billet,1
blablas,1
black,1
blair,1
blavanc,1
blavancs,1
blem-pro,1
blindés,1
blue,1
bluff,1
bol,1
bolt,1
bombardes,1
bombastick,1
bonifie,1
bordel,1
bose,1
bosser,1
bougent,1
bought,1
bounce,1
bousille,1
branchement,1
brasier,1
brasse,1
brava,1
brazzers,1
breuch',1
brocoli,1
bromwich,1
brut,1
bryson,1
buns,1
buraliste,1
bureau,1
buzz,1
bâcher,1
c-c,1
cace-dédi,1
cacher,1
cadavérique,1
cadre,1
calomnièrent,1
campbell,1
can,1
canap,1
captain,1
capte,1
capté,1
captés,1
carry,1
case,1
casquette,1
catcher,1
cd,1
cendre,1
cendres,1
cernés,1
cess,1
ch'min,1
ch'val,1
chanahapa,1
chard-clo,1
charley,1
chatouilleux,1
che-blan,1
checke,1
checkpoint,1
cher-mar,1
cherchent,1
chignon,1
choine,1
choisit,1
chtar,1
cimenter,1
circuit,1
cistes-ra,1
classes,1
clavés,1
clic-clac,1
clichy,1
client,1
clique,1
cliques,1
clopes,1
clothes,1
clowns,1
clyde,1
cogite,1
cognac,1
com,1
combined,1
comblent,1
comes,1
comm',1
compare,1
compter,1
compteur,1
comptoir,1
concrete,1
condamnés,1
conde,1
conneries,1
consomme,1
constellation,1
consume,1
contamine,1
contexte,1
conventionnés,1
cost,1
cotes,1
coton,1
couloirs,1
cracherai,1
crampe,1
cran,1
crari,1
cream,1
crise,1
cristallise,1
crois-moi,1
crée,1
cynisme,1
dahomey,1
dassault,1
davents,1
dc,1
dead,1
dealer,1
dec,1
dedication,1
del-bor,1
demandais,1
demandent,1
desserrée,1
dessinent,1
destination,1
destinée,1
deur-vi,1
dev'nue,1
diamantaire,1
dice,1
dickslap,1
die-o-metre,1
difficile,1
dira,1
dissimule,1
dites-moi,1
dièses,1
djonks,1
doing,1
donald,1
doros,1
doubt,1
douloureusement,1
down,1
drapeaux,1
drive-by,1
drop,1
dude,1
duracell,1
durden,1
dyson,1
décal',1
décide,1
déclarer,1
décor,1
dédicace,1
dédié,1
défaite,1
défauts,1
défile,1
déforme,1
démasquer,1
déo,1
dés,1
désat',1
dôme,1
ea7,1
east,1
echo,1
effaces,1
effrite,1
embavent,1
embrasse,1
embêtements,1
emoji,1
enclenchement,1
encrassés,1
enfumer,1
english-speaking,1
engraissent,1
enjailler,1
envoyant,1
equilibrium,1
essai,1
eu-j,1
ex-moi,1
excuse,1
exemplaires,1
exploit,1
exprès,1
extendo,1
exter',1
f'raient,1
f'sait,1
faculté,1
faille,1
fais-le,1
faking,1
falla,1
fandango,1
fane,1
fantasmer,1
fantôme,1
far,1
fast,1
favont,1
façons,1
feat,1
feinteurs,1
fenerbahçe,1
fermentée,1
ffaires-a,1
fidèle,1
fie,1
fief,1
filière,1
finance,1
finira,1
fire,1
first,1
fixent,1
flamme,1
flavow,1
flippant,1
flocka,1
flot,1
fondent,1
fonsdée,1
foodporn,1
forces,1
forcing,1
foulée,1
foutue,1
fraiche,1
franchis,1
fucked,1
fume,1
fument,1
futilités,1
fédère,1
fêlée,1
gaieté,1
galériens,1
gants,1
garder,1
garderais,1
gare-ci,1
gas,1
gava,1
ge,1
gebreselassie,1
genjustu,1
gent-ar,1
ger-chan,1
gettin',1
girl,1
glissante,1
golri,1
gommettes,1
gone,1
gos,1
gosse,1
gourmandise,1
goutte-d'or,1
gov',1
goyave,1
gracié,1
grain,1
gratte,1
gratte-ciel,1
grazie,1
grillz,1
grincement,1
gris,1
grise,1
gré,1
gue-shla,1
guiding,1
guillotine,1
gus,1
gâchette,1
gèlent,1
gé-char,1
hakeim,1
haleine,1
ham,1
have,1
headshot,1
hefner,1
heure-ci,1
hide,1
highway,1
hoe,1
honey,1
honnêtement,1
horizon,1
hosto,1
hugh,1
hydrogène,1
hôtesse,1
ichi,1
ients-cli,1
if,1
illusion,1
imiter,1
imminent,1
impeccable,1
impertinence,1
importance,1
inoffensif,1
insomnies,1
inspiration,1
intermédiaire,1
intérim,1
invitent,1
irrational,1
isengard,1
jack,1
jackass,1
jag,1
javons,1
jeans,1
jetpacks,1
joggings,1
joke,1
juiced,1
jupiter,1
jus,1
kaiokken,1
kate,1
keep,1
keroué,1
khaf,1
khalass,1
kick,1
kiffe,1
kilo,1
kilométrage,1
kissman,1
kit-kat,1
kolia,1
kop,1
la-celle,1
labrador,1
lacets,1
lags,1
laissent,1
lakshmi,1
lamentes,1
lards-vi,1
larsen,1
laser,1
lassdeg,1
last,1
late,1
latence,1
laxistes,1
le-geu,1
lean-back,1
leather,1
lee,1
lent,1
lieues,1
ligne,1
lima,1
limite,1
linceuls,1
lines,1
litchis,1
llet-bi,1
long,1
lorsqu'il,1
loser,1
low,1
lunaire,1
lunatique,1
lyrical,1
lâché,1
maastricht,1
mac,1
macère,1
mad,1
madre,1
magique,1
mailles,1
makaveli,1
make,1
mala,1
malchance,1
malentendu,1
malgache,1
malik,1
maquette,1
marchent,1
marion,1
maréchal,1
masterises,1
matrix,1
matrixer,1
may,1
mayonnaise,1
menaçante,1
mettant,1
mettra,1
meurs,1
mienne,1
miff,1
mignons,1
milan,1
milles,1
milliers,1
millième,1
millésime,1
mine,1
minutes,1
mioche,1
mister,1
mixtapes,1
mo'afucka',1
modification,1
modifs,1
module,1
modules,1
mollo,1
mongol,1
montent,1
morgan,1
morphine,1
mothafucka,1
motherfucka,1
motifs,1
motiv',1
mud,1
mundo,1
music,1
mystique,1
mâche,1
mètre,1
médaille,1
mélan,1
mélangent,1
métro,1
nacelle,1
nager,1
national,1
naze,1
nerf,1
nespresso,1
neuve,1
neuves,1
nez,1
nigga's,1
niggiz,1
nikita,1
ninpō,1
noire,1
noires,1
normes,1
north,1
not,1
now,1
nulle,1
obéis,1
och,1
oid,1
oigts-d,1
one,1
oppose,1
orion,1
oserait,1
osmose,1
otage,1
oubli,1
oublierai,1
p2,1
pack,1
paieront,1
pain,1
pairs,1
pakistan,1
paliers,1
palpitant,1
pantins,1
papier,1
paquetage,1
parais,1
paraplégique,1
paraîtrait,1
pardonnez,1
paris-est,1
park,1
passant,1
passe-temps,1
passés,1
patte,1
paumes,1
pd,1
pec,1
peignoir,1
pen,1
pendule,1
pensée,1
perde,1
perfect,1
personnifie,1
perte,1
petites,1
phone,1
pifomètre,1
piraté,1
pita,1
pittoresque,1
pièce,1
pièces,1
plaisirs,1
plaquer,1
plaques,1
plat,1
please,1
pleuvoir,1
poison,1
pole,1
politiques,1
popper,1
portefeuille,1
portrait,1
poumons,1
poussif,1
poutres,1
prada,1
pratique,1
prego,1
pressé,1
producteur,1
produit,1
proie,1
projet,1
promise,1
propos,1
provoquèrent,1
pré-tracées,1
préparé,1
président,1
prêcher,1
prêts,1
public,1
pulse,1
punchline,1
pyramido-isocèle,1
pétrit,1
quan,1
quels,1
question,1
r'tard,1
r'vienne,1
racontent,1
raffiné,1
rails,1
rajoute,1
rallié,1
ramener,1
rangerai,1
rappent,1
rapper,1
rappes,1
ratais,1
ratèrent,1
raw,1
ray-ban,1
re-rater,1
recognize,1
reconnais,1
recrache,1
redescendre,1
redlight,1
redonne,1
redoublants,1
redéfinir,1
reil-pa,1
reilles-o,1
reins,1
rentrés,1
rep,1
repassant,1
reprendre,1
reprends,1
reproche,1
ressasse,1
ressenti,1
ressourçant,1
restent,1
retba,1
retrouver,1
revenir,1
ricocher,1
rides,1
risk,1
rmak,1
roadster,1
rodave,1
rolex,1
roller,1
rollerline,1
rootboy,1
rose,1
roses,1
rotte-ca,1
roulent,1
routine,1
rrette-ba,1
run,1
rushing,1
réalité,1
réelles,1
référence,1
régler,1
répare,1
résident,1
réviser,1
rêveur,1
saignais,1
salimo,1
salles,1
salopards,1
salé,1
sanskrit,1
saoulant,1
saoule,1
sape,1
sauron,1
savon,1
savoure-la,1
saw,1
schooling,1
score,1
screens,1
sea,1
sein,1
selecto,1
serais,1
serieux,1
serment,1
serons-nous,1
serre,1
seudi,1
seven-seven,1
sheldavon,1
shenzhen,1
shirt,1
shoppin',1
show-bizness,1
sideway,1
sillonner,1
siècles,1
skinny,1
skrrrt,1
sky,1
slalome,1
slam,1
smoke,1
smokin',1
sniffer,1
some,1
sonder,1
songent,1
souleymane,1
soum,1
sourd,1
sourds,1
sous-titres,1
south,1
spazzin',1
speech,1
starbucks,1
stead,1
stratega,1
street,1
streets,1
strength,1
stuffés,1
subconscient,1
subli,1
subtilisés,1
sud,1
suicidaires,1
sur-place,1
surplus,1
survêt',1
sweet,1
sélectionnez,1
taffe,1
tag,1
taillade,1
tailleur,1
tais-toi,1
taking,1
tangente,1
tapins,1
tarifés,1
tasses-pé,1
tavemps,1
taz,1
tech',1
teille-bav,1
tempo,1
temporelle,1
tensions,1
tente,1
texte,1
thaïlande,1
thousands,1
thune,1
tien,1
tigue-fa,1
tiller,1
tique-tac,1
tiques-fana,1
tire,1
titre,1
titres,1
tié-pi,1
tkt,1
tombale,1
tomber,1
torcy,1
torride,1
tort,1
totale,1
trachée,1
tractopelle,1
transformer,1
transporte,1
travs,1
traînes,1
trump,1
tter-gra,1
tuck,1
tuer,1
tur-fu,1
turn,1
types,1
tâcher,1
té-je,1
técla,1
ue-t,1
unanime,1
universel,1
untel,1
usain,1
utiliser,1
van's,1
vas-tu,1
venait,1
vendeur,1
venu,1
vestige,1
veuillez,1
vi-sser,1
vibes,1
vidant,1
vidji,1
viendras,1
vine,1
virage,1
virus,1
visa,1
vocable,1
volatiles,1
vole,1
voyages,1
wagadem,1
wait,1
wal',1
walter,1
wanna,1
wanted,1
wari,1
watchin',1
wers,1
west,1
while,1
whip,1
wifi,1
without,1
wood,1
y'aurait,1
yellowstone,1
yeuz,1
you'll,1
young,1
youpi,1
zappé,1
zbar,1
zigzags,1
àl,1
écartez-vous,1
écoutes,1
également,1
émeus,1
épaule,1
épaules,1
éphémères,1
épitaphe,1
étranges,1
études,1
évitant,1
éviter,1
évolue,1
êtes,1
île,1
